rank,index,total,overall_score,name_score,passport_score,elapsed_s,returncode,timed_out,passport_id,guest_name,line1,line2,output_path,output_excerpt,SCAN_GAMMA,SCAN_CONTRAST,SCAN_PRE_SHARPNESS,SCAN_CLAHE_CLIP,SCAN_VARIANT_SHARPNESS,SCAN_MRZ_LAB_POOL_WEIGHT,SCAN_PRE_ERODE,SCAN_PRE_DILATE
1,1,1,0.7576,0.7931,0.7222,33.69,0,0,P1Z3456AA,AARTINK SADAH,PPCANAARTINK<SADAH<<<<<<<<<<<<<<<<<<<<<<<<<<,P1Z3456AA3CAN9OO8O10F330T1<<0B<P1Z3456AAOCAN,C:\Users\Jolie\gedi-hotel-assistant\camera-and-nfc\Identification-and-payment-app\test_images\test.png,"  Given names       : -
  Guest name (MRZ)  : AARTINK SADAH
  Passport number   : P1Z3456AA  (check digit 3 (OK))
  -> passport_id used : P1Z3456AA
  -> guest_name used  : AARTINK SADAH
--- Passport ID consensus ---
  1. P1Z3456AA (score=0.16, 1 vote(s), 1 check-digit pass(es)) [SELECTED]
  2. AAOCAR900 (score=0.01, 2 vote(s), 2 check-digit pass(es))
  -> Selected Passport ID: P1Z3456AA (score=0.16, 1 vote(s), 1 check-digit pass(es))
--- Guest Name consensus ---
  1. AARTINK SADAH (score=0.17, 3 vote(s)) [SELECTED]
  -> Selected Guest Name: AARTINK SADAH (score=0.17, 3 vote(s))",0.90,150,0,1.70,35,0.05,0,0
